,precision,recall,f1-score,support
0,0.9789664869932037,1.0,0.9893714657903306,16709.0
1,0.8537014629853702,0.9310779197408674,0.8907124207385304,16671.0
2,0.7374728345234399,0.7159995177236557,0.7265775548282506,16588.0
3,0.6318910054244985,0.5942226703837713,0.612478219668022,16859.0
4,0.553831019783583,0.6072990951039732,0.5793340002858368,16687.0
5,0.7864486303732836,0.6913744995753973,0.7358533199909616,16486.0
accuracy,0.75658,0.75658,0.75658,0.75658
macro avg,0.7570519066805632,0.7566622837546109,0.755721163550322,100000.0
weighted avg,0.756830283075876,0.75658,0.7555733766903763,100000.0
