,epoch,minibatch,running_loss
0,0,999,718.7063993215561
1,0,1999,629.9334900081158
2,0,2999,614.1975678801537
3,0,3999,607.5696220099926
4,0,4999,599.317581474781
5,0,5999,600.3897371590137
6,0,6999,598.3511272370815
7,0,7999,591.4686915874481
8,0,8999,593.8704963028431
9,0,9999,591.8132050037384
10,0,10999,585.3822154402733
11,0,11999,579.6058687567711
12,0,12999,582.6440449953079
13,0,13999,577.3324356973171
14,0,14999,582.1502490341663
